staffId,firstname,lastname,email,solId,JobRole,supervisorId,supervisor_name
WFM02033,Whitney,Goodluck,whitneygoodluck202@gmail.com,999,HR Support,A28264,harrison oshilim
WFM01936,Adejumoke,Adeyeye,adeyeyeeadejumoke@gmail.com,999,HR Support,A28265,harrison oshilim
WFM01967,Ayomide,Olubobokun,olubobokun98@gmail.com,999,HR Support,A28266,harrison oshilim
WFM01935,Emmanuel,Adegboyega,eadegboyega81@gmail.com,999,HR Support,A29455,augustine mmeronle
WFM01802,Anthony,Victor,anthonyvictor281@gmail.com,999,HR Support,A29455,augustine mmeronle
TCS00691,mayowa,bamigbade,mayorbamson@gmail.com,999,HR Support,A29455,pascal perters
TCS01020,mary,okunoye,maryokunoye@gmail.com,999,HR Support,A31798,pascal peters
